DELETE  FROM TRABAJOS;

DELETE  FROM MECANICOS;

DELETE  FROM COCHES;

-- COCHES


INSERT INTO COCHES  VALUES ('M3020KY','TOYOTA','CARINA',1996);
INSERT INTO COCHES  VALUES ('J1234Z','RENAULT','MEGANE',1997);
INSERT INTO COCHES  VALUES ('GR4321A','RENAULT','5',1978);
INSERT INTO COCHES  VALUES ('B4444AC','PEUGEOT','504',1978);
INSERT INTO COCHES  VALUES ('CA0000AD','PEUGEOT','205',1996);
INSERT INTO COCHES  VALUES ('GR1111AK','PEUGEOT','207',1998);
INSERT INTO COCHES  VALUES ('J9999AB','BMW','BEATTLE',1998);
INSERT INTO COCHES  VALUES ('Z199AB',NULL,'MEGANE',1998);

  

INSERT INTO MECANICOS VALUES ('1001','LOPEZ LOPEZ','ANTONIO','MOTOR',600,'1','987777');
INSERT INTO MECANICOS VALUES ('1002','PEREZ GARCIA','LUIS','MOTOR',1000,'0',NULL);
INSERT INTO MECANICOS VALUES ('1003','MARCHENA SALCEDO','PEPE','AMORTIGUACION',1100,'0',NULL);
INSERT INTO MECANICOS VALUES ('1004','VEGA CAMPOS','LOLA','CHAPA',1500,'1','987777');
INSERT INTO MECANICOS VALUES ('1005','SANCHEZ VALVERDE','LUISA','AMORTIGUACION',650,'1','788877');
INSERT INTO MECANICOS VALUES ('1006','LOPEZ SANCHEZ','EMILIO','CHAPA',2000,'0','875666');
INSERT INTO MECANICOS VALUES ('1007','MARTINEZ MARTIN','ANTONIO',NULL,1300,'0','111222');
INSERT INTO MECANICOS VALUES ('1008','FERNANDEZ NAVARRO','LUIS','CHAPA',1100,'0',NULL);
INSERT INTO MECANICOS VALUES ('1009','HERDANDEZ SANCHEZ','LOLA','CHAPA',1100,'0',NULL);
INSERT INTO MECANICOS VALUES ('1010','LOPEZ GARCIA','ANGEL','CHAPA',1100,'0','454545');
INSERT INTO MECANICOS VALUES ('1011','ESCUDERO SANZ','RAQUEL',NULL,1600,'0','222222');


INSERT INTO TRABAJOS VALUES ('M3020KY','1001',1,'23-02-96');
INSERT INTO TRABAJOS VALUES ('M3020KY','1002',2.5,'23-02-96');
INSERT INTO TRABAJOS VALUES ('J1234Z','1004',7,'19-03-97');
INSERT INTO TRABAJOS VALUES ('J1234Z','1002',3,'19-03-97');
INSERT INTO TRABAJOS VALUES ('GR4321A','1003',2.1,'1-01-98'); 
INSERT INTO TRABAJOS VALUES ('B4444AC','1003', 3.2, '23-04-96');
INSERT INTO TRABAJOS VALUES ('CA0000AD','1003', 8 ,'23-04-96');
INSERT INTO TRABAJOS VALUES ('M3020KY','1005', 2, '23-02-96');
INSERT INTO TRABAJOS VALUES ('J9999AB', '1006', 1, '5-03-98');
INSERT INTO TRABAJOS VALUES ('J9999AB', '1005', 0.6, '5-03-98');
INSERT INTO TRABAJOS VALUES ('J9999AB', '1002', 0.9, '5-03-98');
INSERT INTO TRABAJOS VALUES ('J1234Z', '1001', 2.2, '19-03-97');
INSERT INTO TRABAJOS VALUES ('GR1111AK', '1003', 5.5, '1-01-98');
INSERT INTO TRABAJOS VALUES ('J9999AB', '1003', 6.7, '5-02-98');
INSERT INTO TRABAJOS VALUES ('GR1111AK', '1005', 2.5, '1-01-98');
INSERT INTO TRABAJOS VALUES ('GR1111AK', '1007', 1, '1-01-98');

COMMIT;
